"m_1,0,219,17,96,100,USING"
"m_1,148984,219,17,96,100,USING"
"m_1,535156,219,17,96,100,USING"
"m_1,552384,219,17,96,100,USING"
"m_1,658423,219,17,96,100,USING"
"m_1,664518,219,17,96,100,USING"
"m_1,681229,219,17,96,100,USING"
"m_1,683653,219,17,96,100,USING"
"m_10,0,128,17,96,100,USING"
"m_10,570024,128,17,96,100,USING"
"m_10,573570,128,17,96,100,USING"
"m_100,0,9,9,96,100,USING"
"m_100,612226,9,9,96,100,USING"
"m_100,615987,9,9,96,100,USING"
"m_100,641294,9,9,96,100,USING"
"m_1000,0,89,16,96,100,USING"
"m_1000,599230,89,16,96,100,USING"
"m_1000,608335,89,16,96,100,USING"
"m_1001,0,92,19,96,100,USING"
